image,text
/home/debjit/spacy/image_search_from_folder/images/archive/images/backup/construction-site-build-construction-work-159306.jpeg,a construction site with a man working on a construction project
/home/debjit/spacy/image_search_from_folder/images/archive/images/backup/construction-site-build-construction-work-159358.jpeg,a construction site with a construction worker on the job
/home/debjit/spacy/image_search_from_folder/images/archive/images/backup/construction-site-build-construction-work-159375.jpeg,a man in a green shirt and blue helmet working on a piece of wood
/home/debjit/spacy/image_search_from_folder/images/archive/images/backup/gardener-worker-gardening-machinery-162564.jpeg,a man walking down the street carrying a large bat
/home/debjit/spacy/image_search_from_folder/images/archive/images/backup/pexels-photo-10039997.jpeg,a woman in a white coat
/home/debjit/spacy/image_search_from_folder/images/archive/images/backup/pexels-photo-10040003.jpeg,a man in a white shirt and a mask working on a machine
/home/debjit/spacy/image_search_from_folder/images/archive/images/backup/pexels-photo-10040011.jpeg,two people in a lab
/home/debjit/spacy/image_search_from_folder/images/archive/images/backup/pexels-photo-10040012.jpeg,two people working in a lab
/home/debjit/spacy/image_search_from_folder/images/archive/images/backup/pexels-photo-10045513.jpeg,a man in an orange suit is standing on a sidewalk
/home/debjit/spacy/image_search_from_folder/images/archive/images/backup/pexels-photo-10084716.jpeg,a man sitting at a counter in a coffee shop
/home/debjit/spacy/image_search_from_folder/images/archive/images/backup/pexels-photo-10088317.jpeg,a man wearing a gas mask and holding a surfboard
/home/debjit/spacy/image_search_from_folder/images/archive/images/backup/pexels-photo-10101932.jpeg,a large building with a lot of green grass
/home/debjit/spacy/image_search_from_folder/images/archive/images/backup/pexels-photo-10110710.jpeg,a kitchen with a lot of cls and cls on the counter
/home/debjit/spacy/image_search_from_folder/images/archive/images/backup/pexels-photo-10110711.jpeg,a woman sitting at a table in a restaurant
/home/debjit/spacy/image_search_from_folder/images/archive/images/backup/pexels-photo-10119483.jpeg,a large building with a water tower in the background
/home/debjit/spacy/image_search_from_folder/images/archive/images/backup/pexels-photo-10130751.jpeg,a man on a crane working on a power pole
/home/debjit/spacy/image_search_from_folder/images/archive/images/backup/pexels-photo-10130754.jpeg,a man on a telephone pole with a cell
/home/debjit/spacy/image_search_from_folder/images/archive/images/backup/pexels-photo-10133578.jpeg,a man in a hard hat is working on a construction site
/home/debjit/spacy/image_search_from_folder/images/archive/images/backup/pexels-photo-1018565.jpeg,two people in white coats are working on a machine
/home/debjit/spacy/image_search_from_folder/images/archive/images/backup/pexels-photo-1018568.jpeg,two people in lab
/home/debjit/spacy/image_search_from_folder/images/archive/images/backup/pexels-photo-10202856.jpeg,a group of construction workers working on a building
/home/debjit/spacy/image_search_from_folder/images/archive/images/backup/pexels-photo-10202865.jpeg,construction workers working on a construction site
/home/debjit/spacy/image_search_from_folder/images/archive/images/backup/pexels-photo-10239293.jpeg,two hands holding something
/home/debjit/spacy/image_search_from_folder/images/archive/images/backup/pexels-photo-10246146.jpeg,a man in an orange jacket and helmet on a metal railing
/home/debjit/spacy/image_search_from_folder/images/archive/images/backup/pexels-photo-10257405.jpeg,a man in a uniform standing on a train platform
/home/debjit/spacy/image_search_from_folder/images/archive/images/backup/pexels-photo-10307257.jpeg,a man and woman are at a market
/home/debjit/spacy/image_search_from_folder/images/archive/images/backup/pexels-photo-10352106.jpeg,a fire truck with a fireman on top
/home/debjit/spacy/image_search_from_folder/images/archive/images/backup/pexels-photo-10609091.jpeg,a man working on a piece of metal
/home/debjit/spacy/image_search_from_folder/images/archive/images/backup/pexels-photo-10615318.jpeg,a truck with a broken hood on the back
/home/debjit/spacy/image_search_from_folder/images/archive/images/backup/pexels-photo-10615322.jpeg,a man is working on a street with a small truck
/home/debjit/spacy/image_search_from_folder/images/archive/images/backup/pexels-photo-10664320.jpeg,a man working on a piece of metal
/home/debjit/spacy/image_search_from_folder/images/archive/images/backup/pexels-photo-10682438.jpeg,a man wearing a hard hat and a green shirt
/home/debjit/spacy/image_search_from_folder/images/archive/images/backup/pexels-photo-10698291.jpeg,a man in a black coat
/home/debjit/spacy/image_search_from_folder/images/archive/images/backup/pexels-photo-10716309.jpeg,a man carrying a large shovel on his back
/home/debjit/spacy/image_search_from_folder/images/archive/images/backup/pexels-photo-1078879.jpeg,a man wearing a hard hat and holding a cell
/home/debjit/spacy/image_search_from_folder/images/archive/images/backup/pexels-photo-10841934.jpeg,a man sitting on a bench in a building
/home/debjit/spacy/image_search_from_folder/images/archive/images/backup/pexels-photo-1087083.jpeg,a large green machine
/home/debjit/spacy/image_search_from_folder/images/archive/images/backup/pexels-photo-10871621.jpeg,a group of people in a room with a metal fence
/home/debjit/spacy/image_search_from_folder/images/archive/images/backup/pexels-photo-10871712.jpeg,two construction workers wearing protective gear and holding papers
/home/debjit/spacy/image_search_from_folder/images/archive/images/backup/pexels-photo-10895019.jpeg,a man is climbing on a scaf
/home/debjit/spacy/image_search_from_folder/images/archive/images/backup/pexels-photo-10922986.jpeg,two men working on a bunch of grapes
/home/debjit/spacy/image_search_from_folder/images/archive/images/backup/pexels-photo-10922987.jpeg,a man in a red shirt and a blue hat
/home/debjit/spacy/image_search_from_folder/images/archive/images/backup/pexels-photo-10922989.jpeg,a man in a red jacket and a blue hat is working on a machine
/home/debjit/spacy/image_search_from_folder/images/archive/images/backup/pexels-photo-10932215.jpeg,a man is working on a piece of metal
/home/debjit/spacy/image_search_from_folder/images/archive/images/backup/pexels-photo-11010354.jpeg,a car is parked in front of a tree
/home/debjit/spacy/image_search_from_folder/images/archive/images/backup/pexels-photo-11015459.jpeg,a group of men in orange work clothes
/home/debjit/spacy/image_search_from_folder/images/archive/images/backup/pexels-photo-11105404.jpeg,a man in a blue jacket is standing outside of a building
/home/debjit/spacy/image_search_from_folder/images/archive/images/backup/pexels-photo-11114134.jpeg,a man in a yellow vest is standing next to a truck
/home/debjit/spacy/image_search_from_folder/images/archive/images/backup/pexels-photo-11117849.jpeg,a man in a hat is standing at a bus window
/home/debjit/spacy/image_search_from_folder/images/archive/images/backup/pexels-photo-11139140.jpeg,two construction workers are talking to each other
/home/debjit/spacy/image_search_from_folder/images/archive/images/backup/pexels-photo-11143304.jpeg,a man is cutting a piece of metal
/home/debjit/spacy/image_search_from_folder/images/archive/images/backup/pexels-photo-11143306.jpeg,a man welding a piece of metal
/home/debjit/spacy/image_search_from_folder/images/archive/images/backup/pexels-photo-1115358.jpeg,a group of people walking through a large airport
/home/debjit/spacy/image_search_from_folder/images/archive/images/backup/pexels-photo-11194902.jpeg,a group of men working on a construction site
/home/debjit/spacy/image_search_from_folder/images/archive/images/backup/pexels-photo-11213214.jpeg,a man in a red vest is walking down a hallway
/home/debjit/spacy/image_search_from_folder/images/archive/images/backup/pexels-photo-11280956.jpeg,a man on a ladder working on a building
/home/debjit/spacy/image_search_from_folder/images/archive/images/backup/pexels-photo-11280958.jpeg,a man on a balcony with a cell phone
/home/debjit/spacy/image_search_from_folder/images/archive/images/backup/pexels-photo-11293609.jpeg,a group of men working on a construction site
/home/debjit/spacy/image_search_from_folder/images/archive/images/backup/pexels-photo-11293619.jpeg,a man is working on a construction site
/home/debjit/spacy/image_search_from_folder/images/archive/images/backup/pexels-photo-11293624.jpeg,two men working on a construction site
/home/debjit/spacy/image_search_from_folder/images/archive/images/backup/pexels-photo-11293626.jpeg,two men working on a construction site
/home/debjit/spacy/image_search_from_folder/images/archive/images/backup/pexels-photo-11304467.jpeg,a man standing next to a wall with bricks
/home/debjit/spacy/image_search_from_folder/images/archive/images/backup/pexels-photo-11304482.jpeg,a group of men working in a brick factory
/home/debjit/spacy/image_search_from_folder/images/archive/images/backup/pexels-photo-11304529.jpeg,two men sitting on a wall
/home/debjit/spacy/image_search_from_folder/images/archive/images/backup/pexels-photo-11310521.jpeg,a construction worker is working on a construction site
/home/debjit/spacy/image_search_from_folder/images/archive/images/backup/pexels-photo-11319652.jpeg,a man riding a bike
/home/debjit/spacy/image_search_from_folder/images/archive/images/backup/pexels-photo-11349965.jpeg,a man wearing a blue jacket
/home/debjit/spacy/image_search_from_folder/images/archive/images/backup/pexels-photo-11350335.jpeg,two men digging in the field
/home/debjit/spacy/image_search_from_folder/images/archive/images/backup/pexels-photo-11386188.jpeg,a fire escape ladder
/home/debjit/spacy/image_search_from_folder/images/archive/images/backup/pexels-photo-11429199.jpeg,a man wearing a hard hat
/home/debjit/spacy/image_search_from_folder/images/archive/images/backup/pexels-photo-11429201.jpeg,a man in a hard hat and hard hat working on a construction site
/home/debjit/spacy/image_search_from_folder/images/archive/images/backup/pexels-photo-11461858.jpeg,a group of people building a brick wall
/home/debjit/spacy/image_search_from_folder/images/archive/images/backup/pexels-photo-11467876.jpeg,a man on a roof working on a roof
/home/debjit/spacy/image_search_from_folder/images/archive/images/backup/pexels-photo-11486454.jpeg,a group of people walking down a dirt road
/home/debjit/spacy/image_search_from_folder/images/archive/images/backup/pexels-photo-11565004.jpeg,a group of men working on a construction site
/home/debjit/spacy/image_search_from_folder/images/archive/images/backup/pexels-photo-11580363.jpeg,two men standing in a doorway
/home/debjit/spacy/image_search_from_folder/images/archive/images/backup/pexels-photo-11580364.jpeg,a group of people working on a construction site
/home/debjit/spacy/image_search_from_folder/images/archive/images/backup/pexels-photo-11581108.jpeg,a couple of people sitting on a chair in a cage
/home/debjit/spacy/image_search_from_folder/images/archive/images/backup/pexels-photo-11587275.jpeg,a woman carrying bricks in a brick yard
/home/debjit/spacy/image_search_from_folder/images/archive/images/backup/pexels-photo-11588305.jpeg,a man is using a circular saw to cut a piece of wood
/home/debjit/spacy/image_search_from_folder/images/archive/images/backup/pexels-photo-11590840.jpeg,a woman is walking in a puddle in front of a brick building
/home/debjit/spacy/image_search_from_folder/images/archive/images/backup/pexels-photo-11624249.jpeg,a man in a blue shirt and a mask welding
/home/debjit/spacy/image_search_from_folder/images/archive/images/backup/pexels-photo-11644973.jpeg,solar panels on the roof of a house
/home/debjit/spacy/image_search_from_folder/images/archive/images/backup/pexels-photo-11648146.jpeg,a black and white photo of a city
/home/debjit/spacy/image_search_from_folder/images/archive/images/backup/pexels-photo-11650317.jpeg,a group of people standing around a building
/home/debjit/spacy/image_search_from_folder/images/archive/images/backup/pexels-photo-11678443.jpeg,a man loading a crate of watermells onto a tractor
/home/debjit/spacy/image_search_from_folder/images/archive/images/backup/pexels-photo-11679689.jpeg,a woman in a yellow vest
/home/debjit/spacy/image_search_from_folder/images/archive/images/backup/pexels-photo-11680715.jpeg,a construction site with a bull and a bull
/home/debjit/spacy/image_search_from_folder/images/archive/images/backup/pexels-photo-11682134.png,a city street with a dump truck and a man
/home/debjit/spacy/image_search_from_folder/images/archive/images/backup/pexels-photo-11712738.jpeg,a food truck with a sign that reads hamburgers and a man in a hat
/home/debjit/spacy/image_search_from_folder/images/archive/images/backup/pexels-photo-11714889.jpeg,a machine that is working on some kind of things
/home/debjit/spacy/image_search_from_folder/images/archive/images/backup/pexels-photo-11731975.jpeg,a group of people working in a large office
/home/debjit/spacy/image_search_from_folder/images/archive/images/backup/pexels-photo-11739070.jpeg,a man on a scr
/home/debjit/spacy/image_search_from_folder/images/archive/images/backup/pexels-photo-11739107.jpeg,a man standing next to a white smoke bomb bomb
/home/debjit/spacy/image_search_from_folder/images/archive/images/backup/pexels-photo-11765530.jpeg,a man is working on a broken car
/home/debjit/spacy/image_search_from_folder/images/archive/images/backup/pexels-photo-11765538.jpeg,a man working on a machine in a factory
/home/debjit/spacy/image_search_from_folder/images/archive/images/backup/pexels-photo-11765539.jpeg,a group of men working in a factory
/home/debjit/spacy/image_search_from_folder/images/archive/images/backup/pexels-photo-11765540.jpeg,two girls sitting at a table with papers and pens
/home/debjit/spacy/image_search_from_folder/images/archive/images/backup/pexels-photo-11779230.jpeg,a woman is pushing a child on a cart
/home/debjit/spacy/image_search_from_folder/images/archive/images/backup/pexels-photo-11784496.jpeg,a man on a roof
/home/debjit/spacy/image_search_from_folder/images/archive/images/backup/pexels-photo-11790051.jpeg,a group of people sitting on a bench
/home/debjit/spacy/image_search_from_folder/images/archive/images/backup/pexels-photo-11794944.jpeg,a group of people standing around a pile of trash
/home/debjit/spacy/image_search_from_folder/images/archive/images/backup/pexels-photo-11794945.jpeg,a group of people standing on top of a pile of garbage
/home/debjit/spacy/image_search_from_folder/images/archive/images/backup/pexels-photo-11877840.jpeg,two men working on a large machine in a factory
/home/debjit/spacy/image_search_from_folder/images/archive/images/backup/pexels-photo-11881295.jpeg,a man is working on a large pile of bricks
/home/debjit/spacy/image_search_from_folder/images/archive/images/backup/pexels-photo-11881296.jpeg,two men carrying boxes on their heads
/home/debjit/spacy/image_search_from_folder/images/archive/images/backup/pexels-photo-11885299.jpeg,a boat is docked at a dock with a man in a life jacket
/home/debjit/spacy/image_search_from_folder/images/archive/images/backup/pexels-photo-11901258.jpeg,a man is standing on a tractor by the ocean
/home/debjit/spacy/image_search_from_folder/images/archive/images/backup/pexels-photo-11915744.jpeg,a woman working in a woodworking shop
/home/debjit/spacy/image_search_from_folder/images/archive/images/backup/pexels-photo-11930042.jpeg,a man cutting a tree with a chainsaw
/home/debjit/spacy/image_search_from_folder/images/archive/images/backup/pexels-photo-11977314.jpeg,a man on a skateboard jumping over a wall
/home/debjit/spacy/image_search_from_folder/images/archive/images/backup/pexels-photo-12032980.jpeg,a construction site with a pile of wood
/home/debjit/spacy/image_search_from_folder/images/archive/images/backup/pexels-photo-12034631.jpeg,a view of a building through a car window
/home/debjit/spacy/image_search_from_folder/images/archive/images/backup/pexels-photo-12040693.jpeg,two men on a window washing job
/home/debjit/spacy/image_search_from_folder/images/archive/images/backup/pexels-photo-12095723.jpeg,a man bending bricks on a sidewalk
/home/debjit/spacy/image_search_from_folder/images/archive/images/backup/pexels-photo-12103053.jpeg,a man on a scr
/home/debjit/spacy/image_search_from_folder/images/archive/images/backup/pexels-photo-12126059.jpeg,a man is cooking a large pizza in a kitchen
/home/debjit/spacy/image_search_from_folder/images/archive/images/backup/pexels-photo-12155618.jpeg,a man is sitting on the floor with a lot of bricks
/home/debjit/spacy/image_search_from_folder/images/archive/images/backup/pexels-photo-1216589.jpeg,two workers in hard hats and hard hats
/home/debjit/spacy/image_search_from_folder/images/archive/images/backup/pexels-photo-12182722.jpeg,a girl leaning against a wall with a gun
/home/debjit/spacy/image_search_from_folder/images/archive/images/backup/pexels-photo-12203611.jpeg,a chef is preparing food in a kitchen
/home/debjit/spacy/image_search_from_folder/images/archive/images/backup/pexels-photo-12203618.jpeg,two chefs are preparing food in a kitchen
/home/debjit/spacy/image_search_from_folder/images/archive/images/backup/pexels-photo-12203622.jpeg,a man in a red hat is painting a red chair
/home/debjit/spacy/image_search_from_folder/images/archive/images/backup/pexels-photo-12254989.jpeg,a kitchen with a bunch of people in the window
/home/debjit/spacy/image_search_from_folder/images/archive/images/backup/pexels-photo-12276940.jpeg,a man in a kitchen preparing food
/home/debjit/spacy/image_search_from_folder/images/archive/images/backup/pexels-photo-12307631.jpeg,a person is using a grinder to grind a piece of metal
/home/debjit/spacy/image_search_from_folder/images/archive/images/backup/pexels-photo-12314551.jpeg,a construction site
/home/debjit/spacy/image_search_from_folder/images/archive/images/backup/pexels-photo-12323490.jpeg,a group of people are working in a field
/home/debjit/spacy/image_search_from_folder/images/archive/images/backup/pexels-photo-12327262.jpeg,a man wearing a turba
/home/debjit/spacy/image_search_from_folder/images/archive/images/backup/pexels-photo-12344924.jpeg,a man carrying a large piece of wood
/home/debjit/spacy/image_search_from_folder/images/archive/images/backup/pexels-photo-12357625.jpeg,a man riding a skateboard down a ramp
/home/debjit/spacy/image_search_from_folder/images/archive/images/backup/pexels-photo-12366310.jpeg,a man is working on a piece of wood
/home/debjit/spacy/image_search_from_folder/images/archive/images/backup/pexels-photo-12366518.jpeg,a man is working with a grinder
/home/debjit/spacy/image_search_from_folder/images/archive/images/backup/pexels-photo-12384336.jpeg,a man in a yellow vest
/home/debjit/spacy/image_search_from_folder/images/archive/images/backup/pexels-photo-12435865.jpeg,a truck with a lot of empty bottles on it
/home/debjit/spacy/image_search_from_folder/images/archive/images/backup/pexels-photo-12523511.jpeg,a man is holding a bunch of boxes
/home/debjit/spacy/image_search_from_folder/images/archive/images/backup/pexels-photo-12526764.jpeg,a man using a grinder to grind a piece of metal
/home/debjit/spacy/image_search_from_folder/images/archive/images/backup/pexels-photo-12555018.jpeg,three men in blue work clothes
/home/debjit/spacy/image_search_from_folder/images/archive/images/backup/pexels-photo-1267324.jpeg,a man in a yellow vest driving a fork truck
/home/debjit/spacy/image_search_from_folder/images/archive/images/backup/pexels-photo-1267327.jpeg,a man is standing in a large garage
/home/debjit/spacy/image_search_from_folder/images/archive/images/backup/pexels-photo-1267329.jpeg,a man in a yellow vest is driving a fork truck
/home/debjit/spacy/image_search_from_folder/images/archive/images/backup/pexels-photo-1267337.jpeg,a fork truck driver driving through a warehouse
/home/debjit/spacy/image_search_from_folder/images/archive/images/backup/pexels-photo-1267338.jpeg,a man driving a fork truck in a warehouse
/home/debjit/spacy/image_search_from_folder/images/archive/images/backup/pexels-photo-12956301.jpeg,a large yellow boat
/home/debjit/spacy/image_search_from_folder/images/archive/images/backup/pexels-photo-12956302.jpeg,two people in life jackets and life vests on a boat
/home/debjit/spacy/image_search_from_folder/images/archive/images/backup/pexels-photo-12983497.jpeg,a woman working on a machine in a factory
/home/debjit/spacy/image_search_from_folder/images/archive/images/backup/pexels-photo-12983498.jpeg,a woman working on a laptop
/home/debjit/spacy/image_search_from_folder/images/archive/images/backup/pexels-photo-12983500.jpeg,a metal object on a table in a room
/home/debjit/spacy/image_search_from_folder/images/archive/images/backup/pexels-photo-12992734.jpeg,a man is working on a construction site
/home/debjit/spacy/image_search_from_folder/images/archive/images/backup/pexels-photo-12998380.jpeg,a large yellow building
/home/debjit/spacy/image_search_from_folder/images/archive/images/backup/pexels-photo-13003504.jpeg,a group of women carrying baskets of tea leaves
/home/debjit/spacy/image_search_from_folder/images/archive/images/backup/pexels-photo-13008566.jpeg,a man is standing on a dock with a frc
/home/debjit/spacy/image_search_from_folder/images/archive/images/backup/pexels-photo-13030034.jpeg,a clock tower with a flag on top of it
/home/debjit/spacy/image_search_from_folder/images/archive/images/backup/pexels-photo-13058187.jpeg,a group of people are cooking in a kitchen
/home/debjit/spacy/image_search_from_folder/images/archive/images/backup/pexels-photo-13058796.jpeg,a large factory building
/home/debjit/spacy/image_search_from_folder/images/archive/images/backup/pexels-photo-13061689.jpeg,a crane is suspended by a crane lift
/home/debjit/spacy/image_search_from_folder/images/archive/images/backup/pexels-photo-13083789.jpeg,a body of water
/home/debjit/spacy/image_search_from_folder/images/archive/images/backup/pexels-photo-13098743.jpeg,a person on a bike on a sidewalk
/home/debjit/spacy/image_search_from_folder/images/archive/images/backup/pexels-photo-13105426.jpeg,two men walking down a ramp
/home/debjit/spacy/image_search_from_folder/images/archive/images/backup/pexels-photo-13119510.jpeg,a man standing in a pile of brown cow
/home/debjit/spacy/image_search_from_folder/images/archive/images/backup/pexels-photo-13121712.jpeg,a man is working on a machine in a factory
/home/debjit/spacy/image_search_from_folder/images/archive/images/backup/pexels-photo-13121713.jpeg,a man working on a machine in a workshop
/home/debjit/spacy/image_search_from_folder/images/archive/images/backup/pexels-photo-13159717.jpeg,a man holding a microphone in his hand
/home/debjit/spacy/image_search_from_folder/images/archive/images/backup/pexels-photo-13159718.jpeg,a man in a blue shirt
/home/debjit/spacy/image_search_from_folder/images/archive/images/backup/pexels-photo-13201048.jpeg,a man sitting on a wooden chair in front of a building
/home/debjit/spacy/image_search_from_folder/images/archive/images/backup/pexels-photo-13201084.jpeg,a man sitting on a bench in front of a building
/home/debjit/spacy/image_search_from_folder/images/archive/images/backup/pexels-photo-13249411.jpeg,a boat with a man on the deck
/home/debjit/spacy/image_search_from_folder/images/archive/images/backup/pexels-photo-13281428.jpeg,a man sitting in a pile of wood
/home/debjit/spacy/image_search_from_folder/images/archive/images/backup/pexels-photo-13296054.jpeg,a man is welding a piece of metal
/home/debjit/spacy/image_search_from_folder/images/archive/images/backup/pexels-photo-13296066.jpeg,a man using a grinder to grind a piece of metal
/home/debjit/spacy/image_search_from_folder/images/archive/images/backup/pexels-photo-13319075.jpeg,a group of people working on a construction site
/home/debjit/spacy/image_search_from_folder/images/archive/images/backup/pexels-photo-13341859.jpeg,a truck parked in front of a statue
/home/debjit/spacy/image_search_from_folder/images/archive/images/backup/pexels-photo-13342812.png,a woman standing in front of a building
/home/debjit/spacy/image_search_from_folder/images/archive/images/backup/pexels-photo-13376117.jpeg,a large building under construction
/home/debjit/spacy/image_search_from_folder/images/archive/images/backup/pexels-photo-13408861.jpeg,a woman walking down a cobb road in a small town
/home/debjit/spacy/image_search_from_folder/images/archive/images/backup/pexels-photo-13429178.jpeg,a large group of toilets in a yard
/home/debjit/spacy/image_search_from_folder/images/archive/images/backup/pexels-photo-13443776.jpeg,a woman sitting on a step with a bike
/home/debjit/spacy/image_search_from_folder/images/archive/images/backup/pexels-photo-13445850.jpeg,a building under construction
/home/debjit/spacy/image_search_from_folder/images/archive/images/backup/pexels-photo-13517443.jpeg,a man standing in front of a pile of wood
/home/debjit/spacy/image_search_from_folder/images/archive/images/backup/pexels-photo-13532460.jpeg,a man on a platform working on a construction site
/home/debjit/spacy/image_search_from_folder/images/archive/images/backup/pexels-photo-13532463.jpeg,a man in a yellow vest is working on a metal rail
/home/debjit/spacy/image_search_from_folder/images/archive/images/backup/pexels-photo-13532504.jpeg,a black and white photo of a truck in a warehouse
/home/debjit/spacy/image_search_from_folder/images/archive/images/backup/pexels-photo-13565643.jpeg,a man sitting on the ground
/home/debjit/spacy/image_search_from_folder/images/archive/images/backup/pexels-photo-13569603.jpeg,three construction workers working on a building
/home/debjit/spacy/image_search_from_folder/images/archive/images/backup/pexels-photo-13668359.jpeg,a group of people sitting at a table
/home/debjit/spacy/image_search_from_folder/images/archive/images/backup/pexels-photo-13673728.jpeg,a man sitting on a bench in a city
/home/debjit/spacy/image_search_from_folder/images/archive/images/backup/pexels-photo-13682993.jpeg,a baseball player is standing on the field
/home/debjit/spacy/image_search_from_folder/images/archive/images/backup/pexels-photo-13734873.jpeg,a train track with a train on it
/home/debjit/spacy/image_search_from_folder/images/archive/images/backup/pexels-photo-13736134.jpeg,a person holding a sign that says it is a menu
/home/debjit/spacy/image_search_from_folder/images/archive/images/backup/pexels-photo-13748645.jpeg,a woman in a coat is making a piece of wood
/home/debjit/spacy/image_search_from_folder/images/archive/images/backup/pexels-photo-13748649.jpeg,a young boy is playing with a large metal object
/home/debjit/spacy/image_search_from_folder/images/archive/images/backup/pexels-photo-13757247.jpeg,a pile of boats
/home/debjit/spacy/image_search_from_folder/images/archive/images/backup/pexels-photo-13757390.jpeg,a woman sitting on a table with baskets
/home/debjit/spacy/image_search_from_folder/images/archive/images/backup/pexels-photo-13757398.jpeg,a woman sitting on a floor with a bunch of baskets
/home/debjit/spacy/image_search_from_folder/images/archive/images/backup/pexels-photo-13757402.jpeg,a woman sitting on a table with a bunch of hats
/home/debjit/spacy/image_search_from_folder/images/archive/images/backup/pexels-photo-13757429.jpeg,a woman is standing on a convey in a factory
/home/debjit/spacy/image_search_from_folder/images/archive/images/backup/pexels-photo-13757442.jpeg,a woman is working on a piece of wood
/home/debjit/spacy/image_search_from_folder/images/archive/images/backup/pexels-photo-13757443.jpeg,a man is working on a skateboard
/home/debjit/spacy/image_search_from_folder/images/archive/images/backup/pexels-photo-13760485.jpeg,a person standing in a field of green trees
/home/debjit/spacy/image_search_from_folder/images/archive/images/backup/pexels-photo-13778026.jpeg,two men working in a field of wheat
/home/debjit/spacy/image_search_from_folder/images/archive/images/backup/pexels-photo-13794443.jpeg,a man sitting on a bench in a courtyard surrounded by cactuses
/home/debjit/spacy/image_search_from_folder/images/archive/images/backup/pexels-photo-13795569.jpeg,a blue fence
/home/debjit/spacy/image_search_from_folder/images/archive/images/backup/pexels-photo-13805227.jpeg,a man on a bike
/home/debjit/spacy/image_search_from_folder/images/archive/images/backup/pexels-photo-13805231.jpeg,a group of men sitting in a small room
/home/debjit/spacy/image_search_from_folder/images/archive/images/backup/pexels-photo-13805475.jpeg,a man standing behind a table with a bunch of fruit
/home/debjit/spacy/image_search_from_folder/images/archive/images/backup/pexels-photo-13820151.jpeg,a group of people standing in front of a power line
/home/debjit/spacy/image_search_from_folder/images/archive/images/backup/pexels-photo-13837406.jpeg,a man wearing a hat
/home/debjit/spacy/image_search_from_folder/images/archive/images/backup/pexels-photo-13846136.jpeg,a man is sitting on the floor with bricks
/home/debjit/spacy/image_search_from_folder/images/archive/images/backup/pexels-photo-13881178.jpeg,a man is preparing food in a kitchen
/home/debjit/spacy/image_search_from_folder/images/archive/images/backup/pexels-photo-13881188.jpeg,two men standing next to each other men
/home/debjit/spacy/image_search_from_folder/images/archive/images/backup/pexels-photo-13890649.jpeg,a man is working on a construction site
/home/debjit/spacy/image_search_from_folder/images/archive/images/backup/pexels-photo-13914845.jpeg,a group of people standing on a street at night
/home/debjit/spacy/image_search_from_folder/images/archive/images/backup/pexels-photo-13925900.jpeg,a man sitting in the back of a truck
/home/debjit/spacy/image_search_from_folder/images/archive/images/backup/pexels-photo-13928896.jpeg,two men sitting on a bench in the middle of a village
/home/debjit/spacy/image_search_from_folder/images/archive/images/backup/pexels-photo-13930482.jpeg,a man in a construction area working on a piece of wood
/home/debjit/spacy/image_search_from_folder/images/archive/images/backup/pexels-photo-13937297.jpeg,a black and white photo of a street scene
/home/debjit/spacy/image_search_from_folder/images/archive/images/backup/pexels-photo-13944023.jpeg,two men are working on a piece of metal
/home/debjit/spacy/image_search_from_folder/images/archive/images/backup/pexels-photo-13963338.jpeg,a group of people standing on a bridge
/home/debjit/spacy/image_search_from_folder/images/archive/images/backup/pexels-photo-13978240.jpeg,a man is making a brick wall
/home/debjit/spacy/image_search_from_folder/images/archive/images/backup/pexels-photo-14000675.jpeg,a man carrying a surfboard
/home/debjit/spacy/image_search_from_folder/images/archive/images/backup/pexels-photo-14008091.jpeg,two men working on a machine in a factory
/home/debjit/spacy/image_search_from_folder/images/archive/images/backup/pexels-photo-14012616.jpeg,a group of people working on a construction site
/home/debjit/spacy/image_search_from_folder/images/archive/images/backup/pexels-photo-14012633.jpeg,a group of people working on a construction site
/home/debjit/spacy/image_search_from_folder/images/archive/images/backup/pexels-photo-14012677.jpeg,a group of people standing on a beach next to a body of water
/home/debjit/spacy/image_search_from_folder/images/archive/images/backup/pexels-photo-14012678.jpeg,a group of people working on a beach
/home/debjit/spacy/image_search_from_folder/images/archive/images/backup/pexels-photo-14012679.jpeg,a group of people sitting on a beach
/home/debjit/spacy/image_search_from_folder/images/archive/images/backup/pexels-photo-14012695.jpeg,a group of people standing on a beach
/home/debjit/spacy/image_search_from_folder/images/archive/images/backup/pexels-photo-14013154.jpeg,a beach with a lot of people on it
/home/debjit/spacy/image_search_from_folder/images/archive/images/backup/pexels-photo-14013156.jpeg,a group of people standing on a beach next to a body of water
/home/debjit/spacy/image_search_from_folder/images/archive/images/backup/pexels-photo-14013157.jpeg,a group of people working on a beach
/home/debjit/spacy/image_search_from_folder/images/archive/images/backup/pexels-photo-14013167.jpeg,a group of people working on a beach
/home/debjit/spacy/image_search_from_folder/images/archive/images/backup/pexels-photo-14013188.jpeg,a group of people working on a construction site
/home/debjit/spacy/image_search_from_folder/images/archive/images/backup/pexels-photo-14022165.jpeg,a bridge over a river with a sky in the background
/home/debjit/spacy/image_search_from_folder/images/archive/images/backup/pexels-photo-14022550.jpeg,a woman and a man are sitting at a table with flowers
/home/debjit/spacy/image_search_from_folder/images/archive/images/backup/pexels-photo-14025931.jpeg,a group of people working in a field
/home/debjit/spacy/image_search_from_folder/images/archive/images/backup/pexels-photo-14036795.jpeg,a group of people walking down a street
/home/debjit/spacy/image_search_from_folder/images/archive/images/backup/pexels-photo-14037652.jpeg,a group of women sitting on the ground
/home/debjit/spacy/image_search_from_folder/images/archive/images/backup/pexels-photo-14038976.jpeg,a group of people working on a construction project
/home/debjit/spacy/image_search_from_folder/images/archive/images/backup/pexels-photo-14047898.jpeg,a group of people working on a convey
/home/debjit/spacy/image_search_from_folder/images/archive/images/backup/pexels-photo-14047899.jpeg,a group of men working on a large machine
/home/debjit/spacy/image_search_from_folder/images/archive/images/backup/pexels-photo-14050318.jpeg,a person is making a clay pot
/home/debjit/spacy/image_search_from_folder/images/archive/images/backup/pexels-photo-14050319.jpeg,a person is making a bowl with a spoon
/home/debjit/spacy/image_search_from_folder/images/archive/images/backup/pexels-photo-14053428.jpeg,a group of men standing next to a truck
/home/debjit/spacy/image_search_from_folder/images/archive/images/backup/pexels-photo-14053429.jpeg,a group of men working on a truck
/home/debjit/spacy/image_search_from_folder/images/archive/images/backup/pexels-photo-14054493.jpeg,a black and white photo of a building with a man in the window
/home/debjit/spacy/image_search_from_folder/images/archive/images/backup/pexels-photo-14076979.jpeg,a man and a woman are standing in a broken building
/home/debjit/spacy/image_search_from_folder/images/archive/images/backup/pexels-photo-14118226.jpeg,a man is using a grinder to grind a piece of wood
/home/debjit/spacy/image_search_from_folder/images/archive/images/backup/pexels-photo-14118227.jpeg,a man using a grinder to grind a piece of wood
/home/debjit/spacy/image_search_from_folder/images/archive/images/backup/pexels-photo-14118331.jpeg,a man using a grinder on a piece of wood
/home/debjit/spacy/image_search_from_folder/images/archive/images/backup/pexels-photo-14124893.jpeg,two men working on a piece of paper
/home/debjit/spacy/image_search_from_folder/images/archive/images/backup/pexels-photo-14129350.jpeg,a man in a dark room with a light coming from the ceiling
/home/debjit/spacy/image_search_from_folder/images/archive/images/backup/pexels-photo-14189334.jpeg,a man is standing on the tracks of a train
/home/debjit/spacy/image_search_from_folder/images/archive/images/backup/pexels-photo-14189335.jpeg,a man in a helmet and vest standing next to a train
/home/debjit/spacy/image_search_from_folder/images/archive/images/backup/pexels-photo-14189337.jpeg,a man in a safety vest and hard hat
/home/debjit/spacy/image_search_from_folder/images/archive/images/backup/pexels-photo-14189340.jpeg,a man in a safety vest standing on a train track
/home/debjit/spacy/image_search_from_folder/images/archive/images/backup/pexels-photo-14189341.jpeg,a man in a safety vest and hard hat
/home/debjit/spacy/image_search_from_folder/images/archive/images/backup/pexels-photo-14189343.jpeg,a man in a safety vest is standing on a train track
/home/debjit/spacy/image_search_from_folder/images/archive/images/backup/pexels-photo-14209333.jpeg,a man working on a machine in a building
/home/debjit/spacy/image_search_from_folder/images/archive/images/backup/pexels-photo-14224692.jpeg,a group of people building a brick wall
/home/debjit/spacy/image_search_from_folder/images/archive/images/backup/pexels-photo-14252235.png,a man working on a machine in a factory
/home/debjit/spacy/image_search_from_folder/images/archive/images/backup/pexels-photo-14252238.png,a man is working on a machine in a factory
/home/debjit/spacy/image_search_from_folder/images/archive/images/backup/pexels-photo-14252251.png,a man is working on a machine in a factory
/home/debjit/spacy/image_search_from_folder/images/archive/images/backup/pexels-photo-14265844.jpeg,a man welding a piece of metal
/home/debjit/spacy/image_search_from_folder/images/archive/images/backup/pexels-photo-14286187.jpeg,a man cooking meat on a grill in a market
/home/debjit/spacy/image_search_from_folder/images/archive/images/backup/pexels-photo-14305667.jpeg,a man working on a piece of metal
/home/debjit/spacy/image_search_from_folder/images/archive/images/backup/pexels-photo-14305679.jpeg,a man is working in a garden with a wheel
/home/debjit/spacy/image_search_from_folder/images/archive/images/backup/pexels-photo-14314173.jpeg,two men standing in a field of tall grass
/home/debjit/spacy/image_search_from_folder/images/archive/images/backup/pexels-photo-14359708.jpeg,a group of people sitting at a table outside
/home/debjit/spacy/image_search_from_folder/images/archive/images/backup/pexels-photo-14367420.jpeg,two construction workers working on a building site
/home/debjit/spacy/image_search_from_folder/images/archive/images/backup/pexels-photo-14367421.jpeg,two construction workers working on a construction site
/home/debjit/spacy/image_search_from_folder/images/archive/images/backup/pexels-photo-14367425.jpeg,a group of construction workers working on a construction site
/home/debjit/spacy/image_search_from_folder/images/archive/images/backup/pexels-photo-14367440.jpeg,two construction workers are working on a building
/home/debjit/spacy/image_search_from_folder/images/archive/images/backup/pexels-photo-14367441.jpeg,a construction worker is working on a building
/home/debjit/spacy/image_search_from_folder/images/archive/images/backup/pexels-photo-14420889.jpeg,a man is working on a construction site
/home/debjit/spacy/image_search_from_folder/images/archive/images/backup/pexels-photo-14461830.jpeg,a group of women carrying baskets on their heads
/home/debjit/spacy/image_search_from_folder/images/archive/images/backup/pexels-photo-14466335.jpeg,a construction site with a bull bull and a construction worker
/home/debjit/spacy/image_search_from_folder/images/archive/images/backup/pexels-photo-14473225.jpeg,a man working on a piece of metal
/home/debjit/spacy/image_search_from_folder/images/archive/images/backup/pexels-photo-14473241.jpeg,a man working with sparks in a workshop
/home/debjit/spacy/image_search_from_folder/images/archive/images/backup/pexels-photo-14507213.jpeg,a group of people standing on a wet street
/home/debjit/spacy/image_search_from_folder/images/archive/images/backup/pexels-photo-14515675.jpeg,a man and a woman building a brick wall
/home/debjit/spacy/image_search_from_folder/images/archive/images/backup/pexels-photo-14515677.jpeg,a group of people working on a construction site
/home/debjit/spacy/image_search_from_folder/images/archive/images/backup/pexels-photo-14539147.jpeg,a man in a hard hat and hard hat welding a metal beam
/home/debjit/spacy/image_search_from_folder/images/archive/images/backup/pexels-photo-14539148.jpeg,a man welding a metal structure
/home/debjit/spacy/image_search_from_folder/images/archive/images/backup/pexels-photo-14539151.jpeg,a young boy is working on a metal rail
/home/debjit/spacy/image_search_from_folder/images/archive/images/backup/pexels-photo-14557571.jpeg,a man is walking on a ladder with a yellow umbrella
/home/debjit/spacy/image_search_from_folder/images/archive/images/backup/pexels-photo-14557577.jpeg,a group of people working on a large set of stairs
/home/debjit/spacy/image_search_from_folder/images/archive/images/backup/pexels-photo-14557579.jpeg,a group of men working on a large building
/home/debjit/spacy/image_search_from_folder/images/archive/images/backup/pexels-photo-14578285.jpeg,a man on a roof working on a building
/home/debjit/spacy/image_search_from_folder/images/archive/images/backup/pexels-photo-14607237.jpeg,a man standing in front of a window looking out
/home/debjit/spacy/image_search_from_folder/images/archive/images/backup/pexels-photo-14613134.png,a man on a roof with a cup of coffee
/home/debjit/spacy/image_search_from_folder/images/archive/images/backup/pexels-photo-14614021.jpeg,two workers working on solar panels
/home/debjit/spacy/image_search_from_folder/images/archive/images/backup/pexels-photo-14653155.jpeg,two men working in a factory
/home/debjit/spacy/image_search_from_folder/images/archive/images/backup/pexels-photo-14689470.jpeg,a man is making a vase on a table
/home/debjit/spacy/image_search_from_folder/images/archive/images/backup/pexels-photo-14707740.jpeg,a man sitting on a pile of money
/home/debjit/spacy/image_search_from_folder/images/archive/images/backup/pexels-photo-14733703.jpeg,a man in a pink shirt and hat holding a cell
/home/debjit/spacy/image_search_from_folder/images/archive/images/backup/pexels-photo-14776895.jpeg,a man is sitting on the ground working on a piece of metal
/home/debjit/spacy/image_search_from_folder/images/archive/images/backup/pexels-photo-14793021.jpeg,a man in a hard hat and hard hat working on a piece of metal
/home/debjit/spacy/image_search_from_folder/images/archive/images/backup/pexels-photo-14805033.jpeg,a man working in a factory
/home/debjit/spacy/image_search_from_folder/images/archive/images/backup/pexels-photo-14805531.jpeg,a group of men working on a construction site
/home/debjit/spacy/image_search_from_folder/images/archive/images/backup/pexels-photo-14822653.jpeg,a construction site with a crane and a crane
/home/debjit/spacy/image_search_from_folder/images/archive/images/backup/pexels-photo-14822654.jpeg,a crane is on the construction site
/home/debjit/spacy/image_search_from_folder/images/archive/images/backup/pexels-photo-14831678.jpeg,a group of people standing around a tree
/home/debjit/spacy/image_search_from_folder/images/archive/images/backup/pexels-photo-14844108.jpeg,a man sitting on a set of stairs
/home/debjit/spacy/image_search_from_folder/images/archive/images/backup/pexels-photo-14846150.jpeg,a man is working on a large pipe
/home/debjit/spacy/image_search_from_folder/images/archive/images/backup/pexels-photo-14989326.jpeg,a construction site with a construction worker on a scr
/home/debjit/spacy/image_search_from_folder/images/archive/images/backup/pexels-photo-15016508.jpeg,a man working on a machine in a factory
/home/debjit/spacy/image_search_from_folder/images/archive/images/backup/pexels-photo-15016520.jpeg,a man in a welding mask working on a piece of metal
/home/debjit/spacy/image_search_from_folder/images/archive/images/backup/pexels-photo-15016523.jpeg,a large warehouse with lots of boxes and workers
/home/debjit/spacy/image_search_from_folder/images/archive/images/backup/pexels-photo-15016528.jpeg,two men working on a machine in a factory
/home/debjit/spacy/image_search_from_folder/images/archive/images/backup/pexels-photo-15016529.jpeg,a man in a welding mask working on a piece of metal
/home/debjit/spacy/image_search_from_folder/images/archive/images/backup/pexels-photo-15016530.jpeg,a man working on a machine in a factory
/home/debjit/spacy/image_search_from_folder/images/archive/images/backup/pexels-photo-15041788.jpeg,a man is shoveling sand in a field
/home/debjit/spacy/image_search_from_folder/images/archive/images/backup/pexels-photo-15063590.jpeg,a group of men working on a construction site
/home/debjit/spacy/image_search_from_folder/images/archive/images/backup/pexels-photo-15080187.jpeg,a man is working on a construction site
/home/debjit/spacy/image_search_from_folder/images/archive/images/backup/pexels-photo-15087186.jpeg,a man is standing in a window
/home/debjit/spacy/image_search_from_folder/images/archive/images/backup/pexels-photo-15124970.jpeg,a kitchen being remodeled
/home/debjit/spacy/image_search_from_folder/images/archive/images/backup/pexels-photo-15155528.jpeg,a woman walking through a dirty building with an umbrella
/home/debjit/spacy/image_search_from_folder/images/archive/images/backup/pexels-photo-15190641.jpeg,a boat in the ocean
/home/debjit/spacy/image_search_from_folder/images/archive/images/backup/pexels-photo-15200451.jpeg,a man in an orange jacket and white helmet
/home/debjit/spacy/image_search_from_folder/images/archive/images/backup/pexels-photo-15200454.jpeg,a man wearing a hard hat and safety glasses
/home/debjit/spacy/image_search_from_folder/images/archive/images/backup/pexels-photo-15211861.jpeg,a man in a field with a pitchfork
/home/debjit/spacy/image_search_from_folder/images/archive/images/backup/pexels-photo-15211876.jpeg,a man in an orange shirt and a man in a blue overalls
/home/debjit/spacy/image_search_from_folder/images/archive/images/backup/pexels-photo-15211878.jpeg,a couple of men walking down a street
/home/debjit/spacy/image_search_from_folder/images/archive/images/backup/pexels-photo-15304532.jpeg,a man is standing on a boat in the water
/home/debjit/spacy/image_search_from_folder/images/archive/images/backup/pexels-photo-15360467.jpeg,a man is working on a construction site
/home/debjit/spacy/image_search_from_folder/images/archive/images/backup/pexels-photo-15391048.jpeg,a man working on a drilling machine
/home/debjit/spacy/image_search_from_folder/images/archive/images/backup/pexels-photo-15392937.jpeg,two men working on a construction site
/home/debjit/spacy/image_search_from_folder/images/archive/images/backup/pexels-photo-15419937.jpeg,a man in a yellow helmet working on a bench
/home/debjit/spacy/image_search_from_folder/images/archive/images/backup/pexels-photo-15458299.jpeg,a blue sky
/home/debjit/spacy/image_search_from_folder/images/archive/images/backup/pexels-photo-15483316.jpeg,a man in a yellow vest
/home/debjit/spacy/image_search_from_folder/images/archive/images/backup/pexels-photo-15483317.jpeg,a man in a yellow vest and blue overalls is working on a radio tower
/home/debjit/spacy/image_search_from_folder/images/archive/images/backup/pexels-photo-15483318.jpeg,a man in a hard hat and overalls is working on a radio tower
/home/debjit/spacy/image_search_from_folder/images/archive/images/backup/pexels-photo-15534813.jpeg,a red roof
/home/debjit/spacy/image_search_from_folder/images/archive/images/backup/pexels-photo-15534817.jpeg,a group of firefighters standing around a car
/home/debjit/spacy/image_search_from_folder/images/archive/images/backup/pexels-photo-15576553.jpeg,a large building under construction
/home/debjit/spacy/image_search_from_folder/images/archive/images/backup/pexels-photo-15579608.jpeg,a man sitting on a bench in a dirty street
/home/debjit/spacy/image_search_from_folder/images/archive/images/backup/pexels-photo-15579616.jpeg,a man is pouring water from a well
/home/debjit/spacy/image_search_from_folder/images/archive/images/backup/pexels-photo-15580540.jpeg,a woman walking through a covered area with a basket
/home/debjit/spacy/image_search_from_folder/images/archive/images/backup/pexels-photo-15583203.jpeg,a couple of people working on a roof
/home/debjit/spacy/image_search_from_folder/images/archive/images/backup/pexels-photo-15610948.jpeg,a man working on a machine
/home/debjit/spacy/image_search_from_folder/images/archive/images/backup/pexels-photo-15641862.jpeg,a man walking down a sidewalk with a umbrella
/home/debjit/spacy/image_search_from_folder/images/archive/images/backup/pexels-photo-15791521.jpeg,a group of people wearing yellow jackets and helmets
/home/debjit/spacy/image_search_from_folder/images/archive/images/backup/pexels-photo-15794743.jpeg,two men standing on a bridge
/home/debjit/spacy/image_search_from_folder/images/archive/images/backup/pexels-photo-15806948.jpeg,a truck with a man sitting on the back of it
/home/debjit/spacy/image_search_from_folder/images/archive/images/backup/pexels-photo-15806960.jpeg,two men on a roof
/home/debjit/spacy/image_search_from_folder/images/archive/images/backup/pexels-photo-15806963.jpeg,three men standing on a street with a boat in the background
/home/debjit/spacy/image_search_from_folder/images/archive/images/backup/pexels-photo-15835775.jpeg,three men sitting on the grass
/home/debjit/spacy/image_search_from_folder/images/archive/images/backup/pexels-photo-15866639.jpeg,a man in a hard hat
/home/debjit/spacy/image_search_from_folder/images/archive/images/backup/pexels-photo-15888226.jpeg,a man welding a piece of metal
/home/debjit/spacy/image_search_from_folder/images/archive/images/backup/pexels-photo-15923439.jpeg,a blue and white plane
/home/debjit/spacy/image_search_from_folder/images/archive/images/backup/pexels-photo-15923443.jpeg,a white plane on the tar
/home/debjit/spacy/image_search_from_folder/images/archive/images/backup/pexels-photo-15947455.jpeg,a man in a red shirt and helmet working on a machine
/home/debjit/spacy/image_search_from_folder/images/archive/images/backup/pexels-photo-15947456.jpeg,a group of men in hard hats and red shirts
/home/debjit/spacy/image_search_from_folder/images/archive/images/backup/pexels-photo-15947457.jpeg,a man in a red shirt is working on a piece of wood
/home/debjit/spacy/image_search_from_folder/images/archive/images/backup/pexels-photo-15947586.jpeg,a large factory with a lot of metal
/home/debjit/spacy/image_search_from_folder/images/archive/images/backup/pexels-photo-15947587.jpeg,a man is working on a piece of metal
/home/debjit/spacy/image_search_from_folder/images/archive/images/backup/pexels-photo-16045267.jpeg,two men working on a metal structure
/home/debjit/spacy/image_search_from_folder/images/archive/images/backup/pexels-photo-16045331.jpeg,two men working on a large machine in a factory
/home/debjit/spacy/image_search_from_folder/images/archive/images/backup/pexels-photo-16045333.jpeg,a man in a red helmet working on a machine
/home/debjit/spacy/image_search_from_folder/images/archive/images/backup/pexels-photo-16045335.jpeg,a man working on a machine in a factory
/home/debjit/spacy/image_search_from_folder/images/archive/images/backup/pexels-photo-16053349.jpeg,a construction worker is working on a building
/home/debjit/spacy/image_search_from_folder/images/archive/images/backup/pexels-photo-16053351.jpeg,a construction site with a crane and a man working on it
/home/debjit/spacy/image_search_from_folder/images/archive/images/backup/pexels-photo-16053596.jpeg,a group of people standing in a barn
/home/debjit/spacy/image_search_from_folder/images/archive/images/backup/pexels-photo-16070126.jpeg,a man is pushing a wheelbark
/home/debjit/spacy/image_search_from_folder/images/archive/images/backup/pexels-photo-16139708.jpeg,a group of people working on a chocolate factory
/home/debjit/spacy/image_search_from_folder/images/archive/images/backup/pexels-photo-16144870.jpeg,a group of people standing around a truck
/home/debjit/spacy/image_search_from_folder/images/archive/images/backup/pexels-photo-16144871.jpeg,a group of people standing around a truck
/home/debjit/spacy/image_search_from_folder/images/archive/images/backup/pexels-photo-16144873.jpeg,a group of people standing around a boat
/home/debjit/spacy/image_search_from_folder/images/archive/images/backup/pexels-photo-16144874.jpeg,a truck with a man in the back
/home/debjit/spacy/image_search_from_folder/images/archive/images/backup/pexels-photo-16164823.jpeg,a man on a ladder
/home/debjit/spacy/image_search_from_folder/images/archive/images/backup/pexels-photo-16199050.jpeg,a woman walking down the street carrying a bag
/home/debjit/spacy/image_search_from_folder/images/archive/images/backup/pexels-photo-16205189.jpeg,a man is climbing up the side of a building
/home/debjit/spacy/image_search_from_folder/images/archive/images/backup/pexels-photo-1629184.jpeg,a man on a scr
/home/debjit/spacy/image_search_from_folder/images/archive/images/backup/pexels-photo-1633415.jpeg,two men working on a roof
/home/debjit/spacy/image_search_from_folder/images/archive/images/backup/pexels-photo-16339549.jpeg,a utility truck is parked on the side of the road
/home/debjit/spacy/image_search_from_folder/images/archive/images/backup/pexels-photo-16340953.jpeg,a man in a yellow jacket is walking on a runway
/home/debjit/spacy/image_search_from_folder/images/archive/images/backup/pexels-photo-16363625.jpeg,a man is standing on a ladder in a building
/home/debjit/spacy/image_search_from_folder/images/archive/images/backup/pexels-photo-16468064.jpeg,a man is building a brick wall
/home/debjit/spacy/image_search_from_folder/images/archive/images/backup/pexels-photo-16468065.jpeg,a man working on a construction site
/home/debjit/spacy/image_search_from_folder/images/archive/images/backup/pexels-photo-16468070.jpeg,a man laying bricks on a construction site
/home/debjit/spacy/image_search_from_folder/images/archive/images/backup/pexels-photo-16468071.jpeg,a man is working on a construction site
/home/debjit/spacy/image_search_from_folder/images/archive/images/backup/pexels-photo-16468073.jpeg,a man kneeling on a pile of bricks
/home/debjit/spacy/image_search_from_folder/images/archive/images/backup/pexels-photo-16485058.jpeg,a man standing on a bench in a train yard
/home/debjit/spacy/image_search_from_folder/images/archive/images/backup/pexels-photo-16494883.jpeg,a man is working on a construction site
/home/debjit/spacy/image_search_from_folder/images/archive/images/backup/pexels-photo-16512710.jpeg,a man sitting on a chair
/home/debjit/spacy/image_search_from_folder/images/archive/images/backup/pexels-photo-16552846.jpeg,a man wearing a hard hat and holding a banana
/home/debjit/spacy/image_search_from_folder/images/archive/images/backup/pexels-photo-16611091.jpeg,a construction worker is working on a construction site
/home/debjit/spacy/image_search_from_folder/images/archive/images/backup/pexels-photo-16633215.jpeg,a man standing on a brick wall
/home/debjit/spacy/image_search_from_folder/images/archive/images/backup/pexels-photo-16647524.jpeg,a man on a roof with a backpack and skis
/home/debjit/spacy/image_search_from_folder/images/archive/images/backup/pexels-photo-16694009.jpeg,a man working on a large machine in a factory
/home/debjit/spacy/image_search_from_folder/images/archive/images/backup/pexels-photo-16747104.jpeg,a man is painting a wall with a ladder
/home/debjit/spacy/image_search_from_folder/images/archive/images/backup/pexels-photo-16750116.jpeg,a young boy in an orange jumpsuit standing on a bridge
/home/debjit/spacy/image_search_from_folder/images/archive/images/backup/pexels-photo-16753450.jpeg,a man in a hard hat and safety vest on a roof
/home/debjit/spacy/image_search_from_folder/images/archive/images/backup/pexels-photo-16774552.jpeg,a man walking with two cows in a field
/home/debjit/spacy/image_search_from_folder/images/archive/images/backup/pexels-photo-16793933.jpeg,a man working on a piece of metal
/home/debjit/spacy/image_search_from_folder/images/archive/images/backup/pexels-photo-16817331.jpeg,a woman holding a broom and a broom
/home/debjit/spacy/image_search_from_folder/images/archive/images/backup/pexels-photo-16817339.jpeg,a woman sweeping up a hedge
/home/debjit/spacy/image_search_from_folder/images/archive/images/backup/pexels-photo-16961243.jpeg,a large white building
/home/debjit/spacy/image_search_from_folder/images/archive/images/backup/pexels-photo-17042445.jpeg,a man standing in a large group of pots
/home/debjit/spacy/image_search_from_folder/images/archive/images/backup/pexels-photo-17042447.jpeg,a large number of pots
/home/debjit/spacy/image_search_from_folder/images/archive/images/backup/pexels-photo-17060508.jpeg,a woman in a red dress and a man in a black shirt
/home/debjit/spacy/image_search_from_folder/images/archive/images/backup/pexels-photo-17064905.jpeg,a man on a ladder painting a roof
/home/debjit/spacy/image_search_from_folder/images/archive/images/backup/pexels-photo-17337140.png,a red crane
/home/debjit/spacy/image_search_from_folder/images/archive/images/backup/pexels-photo-17406672.jpeg,a man in a blue coverall welding a piece of metal
/home/debjit/spacy/image_search_from_folder/images/archive/images/backup/pexels-photo-17410515.jpeg,a construction worker working on a building site
/home/debjit/spacy/image_search_from_folder/images/archive/images/backup/pexels-photo-17410518.jpeg,a man in an orange shirt and a white hard hat
/home/debjit/spacy/image_search_from_folder/images/archive/images/backup/pexels-photo-17410693.jpeg,a construction worker working on a construction site
/home/debjit/spacy/image_search_from_folder/images/archive/images/backup/pexels-photo-17410714.jpeg,a man working on a construction site
/home/debjit/spacy/image_search_from_folder/images/archive/images/backup/pexels-photo-17410734.jpeg,a man working on a construction site
/home/debjit/spacy/image_search_from_folder/images/archive/images/backup/pexels-photo-17410739.jpeg,a group of people working on a construction site
/home/debjit/spacy/image_search_from_folder/images/archive/images/backup/pexels-photo-17444109.jpeg,a man is painting a yellow piece of art
/home/debjit/spacy/image_search_from_folder/images/archive/images/backup/pexels-photo-17527974.jpeg,a group of people walking down a train platform
/home/debjit/spacy/image_search_from_folder/images/archive/images/backup/pexels-photo-17540913.jpeg,a road with a yellow truck driving down it
/home/debjit/spacy/image_search_from_folder/images/archive/images/backup/pexels-photo-17668733.jpeg,two people sitting on a bench in the snow
/home/debjit/spacy/image_search_from_folder/images/archive/images/backup/pexels-photo-17683585.jpeg,a man in an orange uniform
/home/debjit/spacy/image_search_from_folder/images/archive/images/backup/pexels-photo-17703052.jpeg,a man in a warehouse
/home/debjit/spacy/image_search_from_folder/images/archive/images/backup/pexels-photo-17745339.jpeg,a clock on a building with scr
/home/debjit/spacy/image_search_from_folder/images/archive/images/backup/pexels-photo-17745340.jpeg,a group of construction workers working on a building
/home/debjit/spacy/image_search_from_folder/images/archive/images/backup/pexels-photo-17797264.jpeg,a man in a construction vest and hard hat
/home/debjit/spacy/image_search_from_folder/images/archive/images/backup/pexels-photo-17841794.jpeg,a man is sitting on the ground with a rope
/home/debjit/spacy/image_search_from_folder/images/archive/images/backup/pexels-photo-17842695.jpeg,a man wearing a hard hat
/home/debjit/spacy/image_search_from_folder/images/archive/images/backup/pexels-photo-17878579.jpeg,a man climbing a palm tree
/home/debjit/spacy/image_search_from_folder/images/archive/images/backup/pexels-photo-17937672.jpeg,a group of women working on a project
/home/debjit/spacy/image_search_from_folder/images/archive/images/backup/pexels-photo-18079568.jpeg,a man in a yellow vest
/home/debjit/spacy/image_search_from_folder/images/archive/images/backup/pexels-photo-18110523.jpeg,a street scene with a man crossing the street
/home/debjit/spacy/image_search_from_folder/images/archive/images/backup/pexels-photo-18111292.jpeg,a group of construction workers standing around a construction site
/home/debjit/spacy/image_search_from_folder/images/archive/images/backup/pexels-photo-18111488.jpeg,a group of construction workers standing on a building
/home/debjit/spacy/image_search_from_folder/images/archive/images/backup/pexels-photo-18192264.jpeg,a man on a crane
/home/debjit/spacy/image_search_from_folder/images/archive/images/backup/pexels-photo-18194443.jpeg,two men are working on a large wall
/home/debjit/spacy/image_search_from_folder/images/archive/images/backup/pexels-photo-18293962.jpeg,a large machine room with a lot of machines
/home/debjit/spacy/image_search_from_folder/images/archive/images/backup/pexels-photo-18297553.jpeg,a man is sitting on a platform on a train
/home/debjit/spacy/image_search_from_folder/images/archive/images/backup/pexels-photo-18316085.jpeg,a man kneeling on the ground
/home/debjit/spacy/image_search_from_folder/images/archive/images/backup/pexels-photo-18316597.jpeg,a man in an orange jumpsuit is on a boat
/home/debjit/spacy/image_search_from_folder/images/archive/images/backup/pexels-photo-18367534.jpeg,a man working on a motorcycle
/home/debjit/spacy/image_search_from_folder/images/archive/images/backup/pexels-photo-18623180.jpeg,a man in a blue and white shirt
/home/debjit/spacy/image_search_from_folder/images/archive/images/backup/pexels-photo-18670265.jpeg,a person in an orange jacket crossing a street
/home/debjit/spacy/image_search_from_folder/images/archive/images/backup/pexels-photo-18760973.jpeg,a man with a pole walking down a street
/home/debjit/spacy/image_search_from_folder/images/archive/images/backup/pexels-photo-19087917.jpeg,a large bull is on the ground
/home/debjit/spacy/image_search_from_folder/images/archive/images/backup/pexels-photo-19138366.jpeg,a man working in a metal shop
/home/debjit/spacy/image_search_from_folder/images/archive/images/backup/pexels-photo-19151978.jpeg,a man in a safety vest points at a car
/home/debjit/spacy/image_search_from_folder/images/archive/images/backup/pexels-photo-19162212.jpeg,a person in a green jacket
/home/debjit/spacy/image_search_from_folder/images/archive/images/backup/pexels-photo-209230.jpeg,a man in a white suit and mask is cleaning a box
/home/debjit/spacy/image_search_from_folder/images/archive/images/backup/pexels-photo-209271.jpeg,a woman in a blue jacket and yellow gloves
/home/debjit/spacy/image_search_from_folder/images/archive/images/backup/pexels-photo-209279.jpeg,a tall building with a man on a ladder
/home/debjit/spacy/image_search_from_folder/images/archive/images/backup/pexels-photo-209719.jpeg,a woman wearing a hard hat talking on a cell
/home/debjit/spacy/image_search_from_folder/images/archive/images/backup/pexels-photo-2137670.jpeg,a man on a crane working on a building
/home/debjit/spacy/image_search_from_folder/images/archive/images/backup/pexels-photo-2186572.jpeg,a tall orange building
/home/debjit/spacy/image_search_from_folder/images/archive/images/backup/pexels-photo-2209529.jpeg,a group of people working on a building
/home/debjit/spacy/image_search_from_folder/images/archive/images/backup/pexels-photo-2310483.jpeg,a man is climbing a tree with a chainsaw
/home/debjit/spacy/image_search_from_folder/images/archive/images/backup/pexels-photo-2317640.jpeg,a man on a skateboard on a wall
/home/debjit/spacy/image_search_from_folder/images/archive/images/backup/pexels-photo-2383649.jpeg,a building under construction
/home/debjit/spacy/image_search_from_folder/images/archive/images/backup/pexels-photo-2383650.jpeg,a construction site with a lot of construction materials
/home/debjit/spacy/image_search_from_folder/images/archive/images/backup/pexels-photo-2454697.jpeg,a man standing on top of a snow covered roof
/home/debjit/spacy/image_search_from_folder/images/archive/images/backup/pexels-photo-256297.jpeg,a large machine room with a large machine
/home/debjit/spacy/image_search_from_folder/images/archive/images/backup/pexels-photo-256381.jpeg,a man in a white coat is working on a large machine
/home/debjit/spacy/image_search_from_folder/images/archive/images/backup/pexels-photo-2566850.jpeg,a large open pit
/home/debjit/spacy/image_search_from_folder/images/archive/images/backup/pexels-photo-257636.jpeg,a large warehouse with a lot of space
/home/debjit/spacy/image_search_from_folder/images/archive/images/backup/pexels-photo-259870.jpeg,a construction site with a crane and a man
/home/debjit/spacy/image_search_from_folder/images/archive/images/backup/pexels-photo-259984.jpeg,a man in a welding helmet working on a piece of metal
/home/debjit/spacy/image_search_from_folder/images/archive/images/backup/pexels-photo-2637051.jpeg,a man is on a ladder working on a piece of wood
/home/debjit/spacy/image_search_from_folder/images/archive/images/backup/pexels-photo-264512.jpeg,a large glass ceiling
/home/debjit/spacy/image_search_from_folder/images/archive/images/backup/pexels-photo-2658575.jpeg,a group of people in orange and green uniforms
/home/debjit/spacy/image_search_from_folder/images/archive/images/backup/pexels-photo-266047.jpeg,a group of people riding down a set of stairs
/home/debjit/spacy/image_search_from_folder/images/archive/images/backup/pexels-photo-2668638.jpeg,a man sitting on a train car
/home/debjit/spacy/image_search_from_folder/images/archive/images/backup/pexels-photo-275030.jpeg,a group of people standing on a field
/home/debjit/spacy/image_search_from_folder/images/archive/images/backup/pexels-photo-2760241.jpeg,a man in a hard hat and orange vest is working on a large pipe
/home/debjit/spacy/image_search_from_folder/images/archive/images/backup/pexels-photo-2760242.jpeg,a man in an orange vest and orange safety vest
/home/debjit/spacy/image_search_from_folder/images/archive/images/backup/pexels-photo-2760243.jpeg,a man in a hard hat and orange vest
/home/debjit/spacy/image_search_from_folder/images/archive/images/backup/pexels-photo-2760244.jpeg,a man in a safety vest working on a large machine
/home/debjit/spacy/image_search_from_folder/images/archive/images/backup/pexels-photo-279949.jpeg,a young boy in a green shirt
/home/debjit/spacy/image_search_from_folder/images/archive/images/backup/pexels-photo-280076.jpeg,firemen in front of a fire
/home/debjit/spacy/image_search_from_folder/images/archive/images/backup/pexels-photo-2885326.jpeg,two people on motorcycles on a road
/home/debjit/spacy/image_search_from_folder/images/archive/images/backup/pexels-photo-2898199.jpeg,a man in a yellow helmet is working on a power pole
/home/debjit/spacy/image_search_from_folder/images/archive/images/backup/pexels-photo-2965258.jpeg,a man in a factory working on a large metal object
/home/debjit/spacy/image_search_from_folder/images/archive/images/backup/pexels-photo-2965260.jpeg,a man working on a large metal object
/home/debjit/spacy/image_search_from_folder/images/archive/images/backup/pexels-photo-3009799.jpeg,a man in a wheelchair
/home/debjit/spacy/image_search_from_folder/images/archive/images/backup/pexels-photo-313773.jpeg,a man is working on a piece of wood
/home/debjit/spacy/image_search_from_folder/images/archive/images/backup/pexels-photo-313776.jpeg,a man working on a table in a workshop
/home/debjit/spacy/image_search_from_folder/images/archive/images/backup/pexels-photo-3186949.jpeg,a man in a welding shop
/home/debjit/spacy/image_search_from_folder/images/archive/images/backup/pexels-photo-3250709.jpeg,a man in a hard hat and yellow pants
/home/debjit/spacy/image_search_from_folder/images/archive/images/backup/pexels-photo-3361230.jpeg,a man in a factory working on a piece of metal
/home/debjit/spacy/image_search_from_folder/images/archive/images/backup/pexels-photo-3361235.jpeg,a man in a factory working on a piece of metal
/home/debjit/spacy/image_search_from_folder/images/archive/images/backup/pexels-photo-3377214.jpeg,a group of people working on a train track
/home/debjit/spacy/image_search_from_folder/images/archive/images/backup/pexels-photo-3377222.jpeg,two men working on a train on a bridge
/home/debjit/spacy/image_search_from_folder/images/archive/images/backup/pexels-photo-3377223.jpeg,a group of men working on a train track
/home/debjit/spacy/image_search_from_folder/images/archive/images/backup/pexels-photo-3562325.jpeg,a man wearing a mask and cutting a cake
/home/debjit/spacy/image_search_from_folder/images/archive/images/backup/pexels-photo-3592362.jpeg,a man in a yellow shirt is working on a street light
/home/debjit/spacy/image_search_from_folder/images/archive/images/backup/pexels-photo-3609139.jpeg,a man is climbing on a scaf
/home/debjit/spacy/image_search_from_folder/images/archive/images/backup/pexels-photo-3680959.jpeg,two men in construction area
/home/debjit/spacy/image_search_from_folder/images/archive/images/backup/pexels-photo-3822958.jpeg,a man standing next to a military vehicle
/home/debjit/spacy/image_search_from_folder/images/archive/images/backup/pexels-photo-3823190.jpeg,a man in a workshop
/home/debjit/spacy/image_search_from_folder/images/archive/images/backup/pexels-photo-3823200.jpeg,a man working on a car in a garage
/home/debjit/spacy/image_search_from_folder/images/archive/images/backup/pexels-photo-3823218.jpeg,a man working on a motorcycle
/home/debjit/spacy/image_search_from_folder/images/archive/images/backup/pexels-photo-3823220.jpeg,a man in a black jacket
/home/debjit/spacy/image_search_from_folder/images/archive/images/backup/pexels-photo-3823225.jpeg,a man standing in a boat factory
/home/debjit/spacy/image_search_from_folder/images/archive/images/backup/pexels-photo-3823415.jpeg,a man working on a laptop
/home/debjit/spacy/image_search_from_folder/images/archive/images/backup/pexels-photo-3825413.jpeg,a man in a lab coat and gloves is working on a microscope
/home/debjit/spacy/image_search_from_folder/images/archive/images/backup/pexels-photo-3825434.jpeg,a woman in a lab coat and blue gloves holding a pipe
/home/debjit/spacy/image_search_from_folder/images/archive/images/backup/pexels-photo-3825435.jpeg,a man in a lab coat and gloves holding a pipe
/home/debjit/spacy/image_search_from_folder/images/archive/images/backup/pexels-photo-3831159.jpeg,a man in a hard hat holding a piece of paper
/home/debjit/spacy/image_search_from_folder/images/archive/images/backup/pexels-photo-3840447.jpeg,a large ship in the water
/home/debjit/spacy/image_search_from_folder/images/archive/images/backup/pexels-photo-3846012.jpeg,a man in a black shirt
/home/debjit/spacy/image_search_from_folder/images/archive/images/backup/pexels-photo-3846020.jpeg,a person is using a machine to check the amount of a piece of paper
/home/debjit/spacy/image_search_from_folder/images/archive/images/backup/pexels-photo-3846033.jpeg,a woman in a gray jacket
/home/debjit/spacy/image_search_from_folder/images/archive/images/backup/pexels-photo-3846042.jpeg,a man working on a machine in a factory
/home/debjit/spacy/image_search_from_folder/images/archive/images/backup/pexels-photo-3846086.jpeg,a machine is in a workshop with a lot of tools
/home/debjit/spacy/image_search_from_folder/images/archive/images/backup/pexels-photo-3846440.jpeg,a man wearing a black shirt
/home/debjit/spacy/image_search_from_folder/images/archive/images/backup/pexels-photo-3846459.jpeg,a man in a black shirt and red gloves working on a piece of metal
/home/debjit/spacy/image_search_from_folder/images/archive/images/backup/pexels-photo-3846508.jpeg,a man in a black shirt holding a red glove
/home/debjit/spacy/image_search_from_folder/images/archive/images/backup/pexels-photo-3846529.jpeg,a man in a black shirt
/home/debjit/spacy/image_search_from_folder/images/archive/images/backup/pexels-photo-3846544.jpeg,a man in a black shirt and red gloves
/home/debjit/spacy/image_search_from_folder/images/archive/images/backup/pexels-photo-3846548.jpeg,a man in a factory
/home/debjit/spacy/image_search_from_folder/images/archive/images/backup/pexels-photo-3846554.jpeg,a laptop computer sitting on a workben
/home/debjit/spacy/image_search_from_folder/images/archive/images/backup/pexels-photo-3846559.jpeg,a man working on a machine in a factory
/home/debjit/spacy/image_search_from_folder/images/archive/images/backup/pexels-photo-3848899.jpeg,a man walking in a large warehouse with a train
/home/debjit/spacy/image_search_from_folder/images/archive/images/backup/pexels-photo-3855220.jpeg,a man standing in a garage looking at his cell
/home/debjit/spacy/image_search_from_folder/images/archive/images/backup/pexels-photo-3855336.jpeg,a man working on a piece of wood
/home/debjit/spacy/image_search_from_folder/images/archive/images/backup/pexels-photo-3855341.jpeg,a man working in a workshop
/home/debjit/spacy/image_search_from_folder/images/archive/images/backup/pexels-photo-3855342.jpeg,a man working on a piece of wood
/home/debjit/spacy/image_search_from_folder/images/archive/images/backup/pexels-photo-3855343.jpeg,a man working on a piece of wood
/home/debjit/spacy/image_search_from_folder/images/archive/images/backup/pexels-photo-3856037.jpeg,a group of people sitting around a table
/home/debjit/spacy/image_search_from_folder/images/archive/images/backup/pexels-photo-3856086.jpeg,a man standing in a boat yard using a laptop
/home/debjit/spacy/image_search_from_folder/images/archive/images/backup/pexels-photo-3856090.jpeg,a man standing next to a boat in a marina
/home/debjit/spacy/image_search_from_folder/images/archive/images/backup/pexels-photo-3856118.jpeg,a man in a black jacket
/home/debjit/spacy/image_search_from_folder/images/archive/images/backup/pexels-photo-3856119.jpeg,a man in a black sweater
/home/debjit/spacy/image_search_from_folder/images/archive/images/backup/pexels-photo-3858814.jpeg,a man in a black jacket
/home/debjit/spacy/image_search_from_folder/images/archive/images/backup/pexels-photo-3862129.jpeg,a factory with a lot of cars on the floor
/home/debjit/spacy/image_search_from_folder/images/archive/images/backup/pexels-photo-3862632.jpeg,a woman working on a laptop in a factory
/home/debjit/spacy/image_search_from_folder/images/archive/images/backup/pexels-photo-3869173.jpeg,two women in a kitchen preparing food
/home/debjit/spacy/image_search_from_folder/images/archive/images/backup/pexels-photo-3869180.jpeg,a woman in a white coat holding a bowl of food
/home/debjit/spacy/image_search_from_folder/images/archive/images/backup/pexels-photo-3869187.jpeg,a person in white gloves is putting a bowl of food
/home/debjit/spacy/image_search_from_folder/images/archive/images/backup/pexels-photo-3872380.jpeg,a woman is working on a piece of furniture
/home/debjit/spacy/image_search_from_folder/images/archive/images/backup/pexels-photo-3877440.png,a man is cooking a meal in a forest
/home/debjit/spacy/image_search_from_folder/images/archive/images/backup/pexels-photo-3926851.jpeg,a man working on a piece of metal
/home/debjit/spacy/image_search_from_folder/images/archive/images/backup/pexels-photo-3928260.jpeg,a woman is smiling while filling a glass
/home/debjit/spacy/image_search_from_folder/images/archive/images/backup/pexels-photo-3930972.jpeg,a man sitting on a suitcase with a bottle of water
/home/debjit/spacy/image_search_from_folder/images/archive/images/backup/pexels-photo-3931006.jpeg,a man wearing a white shirt
/home/debjit/spacy/image_search_from_folder/images/archive/images/backup/pexels-photo-3931131.jpeg,a man wearing a hard hat and overalls
/home/debjit/spacy/image_search_from_folder/images/archive/images/backup/pexels-photo-3931391.jpeg,a man sitting at a table with a laptop
/home/debjit/spacy/image_search_from_folder/images/archive/images/backup/pexels-photo-3931399.jpeg,a man sitting at a table
/home/debjit/spacy/image_search_from_folder/images/archive/images/backup/pexels-photo-3931507.jpeg,a group of people sitting around a table
/home/debjit/spacy/image_search_from_folder/images/archive/images/backup/pexels-photo-3931511.jpeg,a group of people sitting at a table with a laptop
/home/debjit/spacy/image_search_from_folder/images/archive/images/backup/pexels-photo-3931596.jpeg,a man holding a red apple
/home/debjit/spacy/image_search_from_folder/images/archive/images/backup/pexels-photo-3931602.jpeg,a man sitting at a desk with a tablet
/home/debjit/spacy/image_search_from_folder/images/archive/images/backup/pexels-photo-3931636.jpeg,a man sitting in a chair holding a cell
/home/debjit/spacy/image_search_from_folder/images/archive/images/backup/pexels-photo-3932227.jpeg,a man in a white shirt
/home/debjit/spacy/image_search_from_folder/images/archive/images/backup/pexels-photo-3932231.jpeg,a man in a white shirt
/home/debjit/spacy/image_search_from_folder/images/archive/images/backup/pexels-photo-3932233.jpeg,a man wearing a white shirt
/home/debjit/spacy/image_search_from_folder/images/archive/images/backup/pexels-photo-3932239.jpeg,a man standing over a table with a man looking at a piece of paper
/home/debjit/spacy/image_search_from_folder/images/archive/images/backup/pexels-photo-3932291.jpeg,a man wearing a hard hat and overalls
/home/debjit/spacy/image_search_from_folder/images/archive/images/backup/pexels-photo-3957986.jpeg,a group of people wearing masks in a room
/home/debjit/spacy/image_search_from_folder/images/archive/images/backup/pexels-photo-3957989.jpeg,a man and woman wearing face masks and holding up a picture
/home/debjit/spacy/image_search_from_folder/images/archive/images/backup/pexels-photo-3957992.jpeg,a group of people wearing masks to protect themselves
/home/debjit/spacy/image_search_from_folder/images/archive/images/backup/pexels-photo-3957993.jpeg,a man and woman wearing masks and taking a self
/home/debjit/spacy/image_search_from_folder/images/archive/images/backup/pexels-photo-3965556.jpeg,a room with a bunch of shoes and a plant
/home/debjit/spacy/image_search_from_folder/images/archive/images/backup/pexels-photo-3966265.jpeg,a man in a pink shirt
/home/debjit/spacy/image_search_from_folder/images/archive/images/backup/pexels-photo-3966266.jpeg,a woman standing in front of a large metal object
/home/debjit/spacy/image_search_from_folder/images/archive/images/backup/pexels-photo-3966267.jpeg,a man with a beard and a pink shirt
/home/debjit/spacy/image_search_from_folder/images/archive/images/backup/pexels-photo-3966269.jpeg,a man with a beard
/home/debjit/spacy/image_search_from_folder/images/archive/images/backup/pexels-photo-3966270.jpeg,a little girl holding a piece of bro
/home/debjit/spacy/image_search_from_folder/images/archive/images/backup/pexels-photo-3966272.jpeg,a woman in a pink sweater
/home/debjit/spacy/image_search_from_folder/images/archive/images/backup/pexels-photo-3966275.jpeg,a young girl reading a book
/home/debjit/spacy/image_search_from_folder/images/archive/images/backup/pexels-photo-3966550.jpeg,a man with a backpack looking at a drawer
/home/debjit/spacy/image_search_from_folder/images/archive/images/backup/pexels-photo-3966551.jpeg,a man with a beard is looking at a printer
/home/debjit/spacy/image_search_from_folder/images/archive/images/backup/pexels-photo-3992950.jpeg,a man in a green hat
/home/debjit/spacy/image_search_from_folder/images/archive/images/backup/pexels-photo-3993308.jpeg,a barber chair with a hair dryer and a hair dryer
/home/debjit/spacy/image_search_from_folder/images/archive/images/backup/pexels-photo-3993309.jpeg,a barber chair with a mirror and a hair dryer
/home/debjit/spacy/image_search_from_folder/images/archive/images/backup/pexels-photo-3997249.jpeg,a person is working on a piece of metal
/home/debjit/spacy/image_search_from_folder/images/archive/images/backup/pexels-photo-4008391.jpeg,a man walking down a sidewalk with a bag
/home/debjit/spacy/image_search_from_folder/images/archive/images/backup/pexels-photo-4021779.jpeg,a man in a green scrub suit with a stel
/home/debjit/spacy/image_search_from_folder/images/archive/images/backup/pexels-photo-4021796.jpeg,a doctor holding a jar of pills
/home/debjit/spacy/image_search_from_folder/images/archive/images/backup/pexels-photo-4021798.jpeg,a person in a green scrub suit
/home/debjit/spacy/image_search_from_folder/images/archive/images/backup/pexels-photo-4021800.jpeg,a man in a green scrub suit holding a bowl of pills
/home/debjit/spacy/image_search_from_folder/images/archive/images/backup/pexels-photo-4021801.jpeg,a doctor holding two pills in his hands
/home/debjit/spacy/image_search_from_folder/images/archive/images/backup/pexels-photo-4021806.jpeg,a man in a green shirt holding a bowl of pills
/home/debjit/spacy/image_search_from_folder/images/archive/images/backup/pexels-photo-4021809.jpeg,a person in a green shirt holding a handful of coins
/home/debjit/spacy/image_search_from_folder/images/archive/images/backup/pexels-photo-4021810.jpeg,a nurse holding a handful of coins
/home/debjit/spacy/image_search_from_folder/images/archive/images/backup/pexels-photo-4021811.jpeg,a man in a green scrub suit holding a small piece of food
/home/debjit/spacy/image_search_from_folder/images/archive/images/backup/pexels-photo-4021813.jpeg,a person in a green shirt holding a bowl of pills
/home/debjit/spacy/image_search_from_folder/images/archive/images/backup/pexels-photo-4021816.jpeg,a man holding a glass jar filled with pills
/home/debjit/spacy/image_search_from_folder/images/archive/images/backup/pexels-photo-4021817.jpeg,a man and woman holding hands over a tablet
/home/debjit/spacy/image_search_from_folder/images/archive/images/backup/pexels-photo-4021818.jpeg,a person in a green shirt holding a small piece of food
/home/debjit/spacy/image_search_from_folder/images/archive/images/backup/pexels-photo-4021819.jpeg,a man holding a glass jar filled with white pills
/home/debjit/spacy/image_search_from_folder/images/archive/images/backup/pexels-photo-4021820.jpeg,a person holding a handful of marijuana
/home/debjit/spacy/image_search_from_folder/images/archive/images/backup/pexels-photo-4022018.jpeg,a man sitting on a bed with a laptop
/home/debjit/spacy/image_search_from_folder/images/archive/images/backup/pexels-photo-4022019.jpeg,a man sitting on a chair
/home/debjit/spacy/image_search_from_folder/images/archive/images/backup/pexels-photo-4022022.jpeg,a man sitting on a chair with a laptop
/home/debjit/spacy/image_search_from_folder/images/archive/images/backup/pexels-photo-4022052.jpeg,a man sitting on a bed
/home/debjit/spacy/image_search_from_folder/images/archive/images/backup/pexels-photo-4025501.jpeg,a man welding a piece of metal
/home/debjit/spacy/image_search_from_folder/images/archive/images/backup/pexels-photo-4031523.jpeg,a woman wearing a mask and glasses looking through a microscope
/home/debjit/spacy/image_search_from_folder/images/archive/images/backup/pexels-photo-4031525.jpeg,two people in lab coats looking through microscopes
/home/debjit/spacy/image_search_from_folder/images/archive/images/backup/pexels-photo-4047436.jpeg,a boy sitting on a couch
/home/debjit/spacy/image_search_from_folder/images/archive/images/backup/pexels-photo-4047666.jpeg,a woman sitting on a couch using a laptop
/home/debjit/spacy/image_search_from_folder/images/archive/images/backup/pexels-photo-4047667.jpeg,a woman sitting on a couch using a laptop
/home/debjit/spacy/image_search_from_folder/images/archive/images/backup/pexels-photo-4050194.jpeg,a woman sitting at a table with a laptop
/home/debjit/spacy/image_search_from_folder/images/archive/images/backup/pexels-photo-4050216.jpeg,a woman sitting at a table with a laptop
/home/debjit/spacy/image_search_from_folder/images/archive/images/backup/pexels-photo-4050220.jpeg,a woman sitting at a table with a laptop
/home/debjit/spacy/image_search_from_folder/images/archive/images/backup/pexels-photo-4050310.jpeg,a woman sitting at a desk with a laptop and a cup of coffee
/home/debjit/spacy/image_search_from_folder/images/archive/images/backup/pexels-photo-4050312.jpeg,a person typing on a laptop
/home/debjit/spacy/image_search_from_folder/images/archive/images/backup/pexels-photo-4050315.jpeg,a woman sitting at a table with a laptop
/home/debjit/spacy/image_search_from_folder/images/archive/images/backup/pexels-photo-4050319.jpeg,a person is typing on a laptop
/home/debjit/spacy/image_search_from_folder/images/archive/images/backup/pexels-photo-4050363.jpeg,a woman sitting on the floor using a laptop
/home/debjit/spacy/image_search_from_folder/images/archive/images/backup/pexels-photo-4050367.jpeg,a woman sitting on a couch with a laptop and a cup of coffee
/home/debjit/spacy/image_search_from_folder/images/archive/images/backup/pexels-photo-4050426.jpeg,a woman sitting at a table with a laptop
/home/debjit/spacy/image_search_from_folder/images/archive/images/backup/pexels-photo-4050436.jpeg,a woman sitting at a table with a laptop
/home/debjit/spacy/image_search_from_folder/images/archive/images/backup/pexels-photo-4050437.jpeg,a woman sitting at a table with a laptop
/home/debjit/spacy/image_search_from_folder/images/archive/images/backup/pexels-photo-4050441.jpeg,a man sitting at a table with a laptop and a notebook
/home/debjit/spacy/image_search_from_folder/images/archive/images/backup/pexels-photo-4050442.jpeg,a woman sitting on the floor using a laptop
/home/debjit/spacy/image_search_from_folder/images/archive/images/backup/pexels-photo-4050443.jpeg,a woman sitting on a couch using a laptop
/home/debjit/spacy/image_search_from_folder/images/archive/images/backup/pexels-photo-4050463.jpeg,a person is sitting in a kitchen with a coffee machine
/home/debjit/spacy/image_search_from_folder/images/archive/images/backup/pexels-photo-4070450.jpeg,a train moving through a tunnel of trees
/home/debjit/spacy/image_search_from_folder/images/archive/images/backup/pexels-photo-4082524.jpeg,a tall building with a clock on top
/home/debjit/spacy/image_search_from_folder/images/archive/images/backup/pexels-photo-4090602.jpeg,a hand picking cher from a tree
/home/debjit/spacy/image_search_from_folder/images/archive/images/backup/pexels-photo-4098577.jpeg,a person in a white protective suit and blue gloves
/home/debjit/spacy/image_search_from_folder/images/archive/images/backup/pexels-photo-4106857.jpeg,a group of pigeons
/home/debjit/spacy/image_search_from_folder/images/archive/images/backup/pexels-photo-4108206.jpeg,a person holding a cell phone with a text on it
/home/debjit/spacy/image_search_from_folder/images/archive/images/backup/pexels-photo-4112938.jpeg,a boat docked in a harbor with a city in the background
/home/debjit/spacy/image_search_from_folder/images/archive/images/backup/pexels-photo-4114951.jpeg,a man is taking a picture of himself
/home/debjit/spacy/image_search_from_folder/images/archive/images/backup/pexels-photo-4118545.jpeg,a man holding a pair of scissors in his hands
/home/debjit/spacy/image_search_from_folder/images/archive/images/backup/pexels-photo-4119874.jpeg,a man in a boat on a lake surrounded by trees
/home/debjit/spacy/image_search_from_folder/images/archive/images/backup/pexels-photo-4126805.jpeg,a woman sitting on the floor using a laptop
/home/debjit/spacy/image_search_from_folder/images/archive/images/backup/pexels-photo-4126810.jpeg,a woman sitting on the floor with a laptop
/home/debjit/spacy/image_search_from_folder/images/archive/images/backup/pexels-photo-4126811.jpeg,a woman sitting on the floor with a laptop
/home/debjit/spacy/image_search_from_folder/images/archive/images/backup/pexels-photo-4126901.jpeg,a woman with a mask on her face and a laptop
/home/debjit/spacy/image_search_from_folder/images/archive/images/backup/pexels-photo-4130210.jpeg,a man sitting in a chair with a laptop
/home/debjit/spacy/image_search_from_folder/images/archive/images/backup/pexels-photo-4132425.jpeg,a woman sitting on a couch using a laptop
/home/debjit/spacy/image_search_from_folder/images/archive/images/backup/pexels-photo-4132427.jpeg,a woman sitting on a couch with a laptop and a cup
/home/debjit/spacy/image_search_from_folder/images/archive/images/backup/pexels-photo-4132430.jpeg,a woman sitting on the floor while talking on her cell
/home/debjit/spacy/image_search_from_folder/images/archive/images/backup/pexels-photo-4132431.jpeg,two women sitting at a table with laptops
/home/debjit/spacy/image_search_from_folder/images/archive/images/backup/pexels-photo-4132432.jpeg,a woman laying on a couch while talking on a cell
/home/debjit/spacy/image_search_from_folder/images/archive/images/backup/pexels-photo-4132433.jpeg,two women sitting on a couch
/home/debjit/spacy/image_search_from_folder/images/archive/images/backup/pexels-photo-4132434.jpeg,a woman sitting on a couch
/home/debjit/spacy/image_search_from_folder/images/archive/images/backup/pexels-photo-4132436.jpeg,a woman sitting on a couch using a laptop
/home/debjit/spacy/image_search_from_folder/images/archive/images/backup/pexels-photo-4132437.jpeg,a person is using a laptop computer
/home/debjit/spacy/image_search_from_folder/images/archive/images/backup/pexels-photo-4132439.jpeg,a person is using a laptop computer
/home/debjit/spacy/image_search_from_folder/images/archive/images/backup/pexels-photo-4132440.jpeg,a woman and a child are sitting at a table with laptops
/home/debjit/spacy/image_search_from_folder/images/archive/images/backup/pexels-photo-4132651.jpeg,a woman in a coat and sunglasses standing next to a yellow and black sign
/home/debjit/spacy/image_search_from_folder/images/archive/images/backup/pexels-photo-4134382.jpeg,a man is working on a construction site
/home/debjit/spacy/image_search_from_folder/images/archive/images/backup/pexels-photo-4135926.jpeg,two men working on a wooden deck
/home/debjit/spacy/image_search_from_folder/images/archive/images/backup/pexels-photo-4178801.jpeg,a clear blue sky
/home/debjit/spacy/image_search_from_folder/images/archive/images/backup/pexels-photo-4199397.jpeg,a woman in a gray jacket
/home/debjit/spacy/image_search_from_folder/images/archive/images/backup/pexels-photo-4199487.jpeg,a man and a woman are looking at a cell
/home/debjit/spacy/image_search_from_folder/images/archive/images/backup/pexels-photo-4199523.jpeg,a man and woman are standing at a counter
/home/debjit/spacy/image_search_from_folder/images/archive/images/backup/pexels-photo-4227090.jpeg,a young female doctor in white coat and glasses holding a pill pill
/home/debjit/spacy/image_search_from_folder/images/archive/images/backup/pexels-photo-4227112.jpeg,a female doctor in a white coat and mask
/home/debjit/spacy/image_search_from_folder/images/archive/images/backup/pexels-photo-4239007.jpeg,a person wearing yellow gloves and yellow gloves
/home/debjit/spacy/image_search_from_folder/images/archive/images/backup/pexels-photo-4239123.jpeg,a person in yellow gloves cleaning a sink
/home/debjit/spacy/image_search_from_folder/images/archive/images/backup/pexels-photo-4239127.jpeg,a person in yellow gloves holding a tissue
/home/debjit/spacy/image_search_from_folder/images/archive/images/backup/pexels-photo-4248912.jpeg,a woman is cleaning up the street with a bucket
/home/debjit/spacy/image_search_from_folder/images/archive/images/backup/pexels-photo-4254157.jpeg,a man wearing a hard hat
/home/debjit/spacy/image_search_from_folder/images/archive/images/backup/pexels-photo-4254158.jpeg,two men standing in front of a solar panel
/home/debjit/spacy/image_search_from_folder/images/archive/images/backup/pexels-photo-4254159.jpeg,a woman in a hard hat is sitting on a roof
/home/debjit/spacy/image_search_from_folder/images/archive/images/backup/pexels-photo-4254160.jpeg,a man and a woman standing in front of solar panels
/home/debjit/spacy/image_search_from_folder/images/archive/images/backup/pexels-photo-4254161.jpeg,two men in hard hats and safety vests are working on a solar panel
/home/debjit/spacy/image_search_from_folder/images/archive/images/backup/pexels-photo-4254162.jpeg,two men in hard hats and safety vests working on solar panels
/home/debjit/spacy/image_search_from_folder/images/archive/images/backup/pexels-photo-4254163.jpeg,a man in a hard hat is standing on a roof
/home/debjit/spacy/image_search_from_folder/images/archive/images/backup/pexels-photo-4254164.jpeg,a man in a hard hat and safety vest working on a solar panel
/home/debjit/spacy/image_search_from_folder/images/archive/images/backup/pexels-photo-4254165.jpeg,a man in a hard hat and safety vest working on a solar panel
/home/debjit/spacy/image_search_from_folder/images/archive/images/backup/pexels-photo-4254166.jpeg,two men in hard hats and safety vests looking at solar panels
/home/debjit/spacy/image_search_from_folder/images/archive/images/backup/pexels-photo-4254167.jpeg,two men standing on a roof with solar panels
/home/debjit/spacy/image_search_from_folder/images/archive/images/backup/pexels-photo-4254168.jpeg,a man in a hard hat and safety vest working on solar panels
/home/debjit/spacy/image_search_from_folder/images/archive/images/backup/pexels-photo-4254169.jpeg,two men in hard hats and hard hats standing next to a solar panel
/home/debjit/spacy/image_search_from_folder/images/archive/images/backup/pexels-photo-4254170.jpeg,a man in a hard hat standing next to a solar panel
/home/debjit/spacy/image_search_from_folder/images/archive/images/backup/pexels-photo-4254171.jpeg,a man in a hard hat and safety vest working on a solar panel
/home/debjit/spacy/image_search_from_folder/images/archive/images/backup/pexels-photo-4254172.jpeg,a man standing next to a solar panel
/home/debjit/spacy/image_search_from_folder/images/archive/images/backup/pexels-photo-4254891.jpeg,a group of people are walking up the stairs
/home/debjit/spacy/image_search_from_folder/images/archive/images/backup/pexels-photo-4254894.jpeg,a man walking down a sidewalk next to a fence
/home/debjit/spacy/image_search_from_folder/images/archive/images/backup/pexels-photo-4263066.jpeg,a person sitting in a chair looking at a small plane
/home/debjit/spacy/image_search_from_folder/images/archive/images/backup/pexels-photo-4263067.jpeg,a man is working on a wood floor
/home/debjit/spacy/image_search_from_folder/images/archive/images/backup/pexels-photo-4269517.jpeg,a man sitting in the cockpit of a plane
/home/debjit/spacy/image_search_from_folder/images/archive/images/backup/pexels-photo-4271641.jpeg,a man is grinding a piece of metal
/home/debjit/spacy/image_search_from_folder/images/archive/images/backup/pexels-photo-4271642.jpeg,a man is using a grinder to grind a piece of metal
/home/debjit/spacy/image_search_from_folder/images/archive/images/backup/pexels-photo-4276427.jpeg,a construction worker is working on a building
/home/debjit/spacy/image_search_from_folder/images/archive/images/backup/pexels-photo-4299424.jpeg,a person in blue gloves holding a sy
/home/debjit/spacy/image_search_from_folder/images/archive/images/backup/pexels-photo-4311990.jpeg,a crane is lifting a large red container
/home/debjit/spacy/image_search_from_folder/images/archive/images/backup/pexels-photo-4315558.jpeg,a man using a grinder to grind a piece of metal
/home/debjit/spacy/image_search_from_folder/images/archive/images/backup/pexels-photo-4315565.jpeg,a man holding a chainsaw
/home/debjit/spacy/image_search_from_folder/images/archive/images/backup/pexels-photo-4315566.jpeg,a man holding a chainsaw in his hands
/home/debjit/spacy/image_search_from_folder/images/archive/images/backup/pexels-photo-4325328.jpeg,a man is using a snow blower to clear the snow
/home/debjit/spacy/image_search_from_folder/images/archive/images/backup/pexels-photo-4330056.jpeg,a man standing in front of a display of sausages
